marketing_spend,support_tickets,usage_score,satisfaction_score,region,product_category,customer_feedback,revenue,churned,cluster
5548.49,5,3.17,0.709,South,Basic,Support was fast and helpful,13309.64,1,1
3128.03,5,91.89,0.84,North,Standard,Support was fast and helpful,20211.07,0,3
6350.81,6,71.69,0.105,East,Basic,Not satisfied with service consistency,20617.65,1,0
6693.02,10,62.51,0.126,East,Premium,Not satisfied with service consistency,19498.28,1,0
1488.14,7,53.25,0.281,South,Standard,Not satisfied with service consistency,8969.55,1,2
2656.08,15,56.96,0.012,South,Basic,Support response took too long,9233.17,1,2
5230.11,7,63.87,0.986,North,Standard,Great experience and smooth onboarding,24322.98,0,3
4430.76,3,82.66,0.598,North,Basic,Average value for the price,19961.26,0,3
4969.76,8,59.69,0.608,West,Basic,Service quality was acceptable,18928.92,0,3
3464.52,6,74.86,0.959,North,Standard,Very satisfied with service quality,20425.26,0,3
6582.92,7,28.1,0.832,North,Basic,Very satisfied with service quality,21551.3,0,1
6400.03,11,97.68,0.814,West,Basic,Great experience and smooth onboarding,22787.73,0,3
5118.86,8,3.19,0.34,South,Enterprise,"Experience was okay, nothing special",17755.78,1,1
7029.03,7,38.66,0.335,West,Premium,Service quality was acceptable,21972.34,1,1
5841.52,3,88.2,0.292,East,Enterprise,Support response took too long,27662.48,0,0
3453.27,6,18.05,0.347,West,Basic,"Experience was okay, nothing special",10042.32,1,2
5663.75,9,14.13,0.37,East,Premium,"Experience was okay, nothing special",16596.54,1,1
3274.01,6,36.54,0.14,North,Standard,Unhappy with quality and delays,13188.85,1,2
6581.21,4,42.82,0.356,West,Basic,"Experience was okay, nothing special",17940.56,0,0
4910.13,9,93.34,0.447,West,Premium,Average value for the price,21881.24,0,0
4667.25,7,83.61,0.309,South,Basic,Support response took too long,16968.98,1,0
3774.33,7,46.41,0.165,West,Standard,Not satisfied with service consistency,14860.89,1,2
7200.57,6,97.3,0.373,East,Premium,Average value for the price,26207.47,0,0
4721.85,1,64.23,0.481,West,Standard,"Experience was okay, nothing special",19554.37,0,0
4229.01,8,87.37,0.721,West,Standard,Very satisfied with service quality,18846.52,0,3
4366.16,5,24.61,0.711,North,Standard,Great experience and smooth onboarding,16136.71,0,1
5958.16,6,48.9,0.203,West,Basic,Support response took too long,19146.8,1,0
5657.8,7,2.97,0.037,West,Enterprise,Unhappy with quality and delays,18774.85,1,1
5742.92,8,0.89,0.304,West,Basic,Not satisfied with service consistency,13159.37,1,1
5775.48,10,70.55,0.157,North,Basic,Not satisfied with service consistency,19490.23,1,0
8854.97,5,11.83,0.396,West,Basic,Average value for the price,19510.0,1,1
4268.45,11,54.78,0.979,East,Enterprise,Very satisfied with service quality,24522.64,1,3
4077.96,6,69.6,0.181,South,Premium,Support response took too long,20696.78,1,0
3535.21,7,3.22,0.319,West,Standard,Not satisfied with service consistency,11203.25,1,2
6108.76,8,44.87,0.725,East,Enterprise,Very satisfied with service quality,27542.79,1,1
7032.15,3,68.42,0.509,West,Basic,Average value for the price,22207.73,0,0
4794.89,4,88.97,0.044,East,Premium,Unhappy with quality and delays,19407.7,0,0
3487.72,8,29.92,0.162,South,Basic,Unhappy with quality and delays,9135.21,1,2
3515.93,10,97.42,0.935,West,Standard,Support was fast and helpful,21252.29,0,3
6171.07,9,84.45,0.103,East,Basic,Not satisfied with service consistency,22747.14,1,0
6337.86,6,65.06,0.635,East,Enterprise,Service quality was acceptable,25918.72,0,3
5977.68,6,39.19,0.792,South,Enterprise,Very satisfied with service quality,22518.9,0,1
3802.08,3,71.11,0.265,North,Standard,Support response took too long,17077.5,0,0
5417.89,10,81.62,0.725,East,Basic,Very satisfied with service quality,21980.28,0,3
5210.03,7,30.33,0.17,South,Basic,Unhappy with quality and delays,14643.83,1,2
5393.64,5,99.28,0.285,West,Standard,Not satisfied with service consistency,22451.9,0,0
6568.57,8,90.86,0.312,West,Standard,Not satisfied with service consistency,21749.77,0,0
5402.47,11,48.55,0.996,West,Basic,Very satisfied with service quality,17892.53,0,3
6222.04,9,72.28,0.215,North,Premium,Not satisfied with service consistency,25721.06,1,0
5121.64,5,52.4,0.129,West,Standard,Support response took too long,18647.32,1,0
5520.41,7,76.09,0.926,North,Enterprise,Support was fast and helpful,28232.99,0,3
6136.32,2,82.7,0.162,West,Standard,Support response took too long,25225.42,0,0
2377.12,11,2.32,0.879,South,Standard,Great experience and smooth onboarding,11930.76,1,2
4424.59,7,7.91,0.65,West,Standard,Service quality was acceptable,14291.56,1,1
4153.33,8,33.65,0.577,South,Basic,Service quality was acceptable,13228.8,1,2
3850.02,8,91.76,0.751,South,Standard,Great experience and smooth onboarding,19177.25,0,3
4504.74,7,39.83,0.726,West,Premium,Very satisfied with service quality,18987.01,0,1
7690.89,9,88.75,0.111,East,Basic,Support response took too long,20961.1,1,0
3441.5,10,46.24,0.999,West,Standard,Great experience and smooth onboarding,15116.97,0,3
6742.9,7,28.89,0.942,West,Premium,Great experience and smooth onboarding,21025.0,0,1
1970.83,7,90.06,0.897,East,Standard,Support was fast and helpful,18809.31,0,3
4397.21,4,56.07,0.622,South,Standard,Average value for the price,15640.34,0,3
5292.96,9,36.05,0.523,East,Premium,Service quality was acceptable,21017.79,1,1
6055.2,6,4.44,0.536,West,Standard,Service quality was acceptable,15674.65,1,1
6280.21,5,11.09,0.015,West,Basic,Not satisfied with service consistency,16621.07,1,1
6428.03,12,13.93,0.499,South,Premium,Service quality was acceptable,17307.55,1,1
4372.29,7,36.48,0.624,West,Enterprise,Average value for the price,18872.69,1,1
4167.77,12,60.73,0.659,South,Basic,"Experience was okay, nothing special",17231.71,1,3
6544.36,4,30.76,0.332,East,Basic,Service quality was acceptable,18919.14,1,1
4655.65,7,6.55,0.471,West,Premium,Average value for the price,14437.19,1,1
2703.76,8,26.48,0.636,West,Standard,Average value for the price,12304.15,1,2
2960.08,5,40.87,0.428,South,Standard,"Experience was okay, nothing special",11641.97,1,2
3344.99,6,99.23,0.962,South,Standard,Very satisfied with service quality,20623.26,0,3
5894.89,6,39.3,0.705,South,Premium,Very satisfied with service quality,20789.63,0,1
5256.37,10,8.92,0.001,North,Standard,Not satisfied with service consistency,12912.52,1,2
6242.87,8,58.11,0.023,South,Basic,Support response took too long,14635.76,1,0
4230.95,5,91.96,0.69,West,Basic,Very satisfied with service quality,19898.52,0,3
5285.37,6,78.67,0.413,South,Standard,Average value for the price,21139.08,0,0
6126.06,9,83.62,0.839,South,Enterprise,Support was fast and helpful,27459.19,0,3
4443.18,11,92.82,0.173,West,Standard,Unhappy with quality and delays,19198.19,1,0
5822.2,10,63.65,0.014,North,Standard,Unhappy with quality and delays,18154.14,1,0
3808.53,12,99.49,0.388,South,Enterprise,Average value for the price,22028.93,0,0
4346.5,10,3.33,0.736,West,Standard,Support was fast and helpful,15599.13,1,1
4312.87,5,83.48,0.972,North,Standard,Great experience and smooth onboarding,21381.93,0,3
2847.49,4,85.7,0.884,South,Basic,Very satisfied with service quality,18230.26,0,3
5876.55,9,91.67,0.484,East,Premium,Service quality was acceptable,24445.56,0,0
4155.08,8,47.82,0.813,North,Premium,Very satisfied with service quality,20392.18,0,3
5022.49,10,78.78,0.07,South,Premium,Unhappy with quality and delays,18659.54,1,0
5865.34,3,19.51,0.572,North,Standard,Service quality was acceptable,18085.12,0,1
5803.76,9,60.31,0.924,South,Standard,Support was fast and helpful,21184.69,0,3
6197.69,7,35.86,0.396,West,Basic,Service quality was acceptable,17052.33,1,1
4822.73,7,59.62,0.96,South,Enterprise,Great experience and smooth onboarding,24377.73,0,3
4238.06,9,67.56,0.221,South,Basic,Unhappy with quality and delays,15505.97,1,0
4856.51,6,34.71,0.106,South,Standard,Unhappy with quality and delays,17092.38,1,2
1962.8,6,21.62,0.525,West,Premium,Service quality was acceptable,12819.88,1,2
2395.2,9,32.17,0.907,North,Basic,Support was fast and helpful,10269.62,0,2
2619.14,8,66.4,0.311,West,Standard,Unhappy with quality and delays,16387.11,1,2
3204.96,1,67.69,0.8,South,Basic,Very satisfied with service quality,16076.4,0,3
5719.59,5,74.13,0.169,West,Standard,Unhappy with quality and delays,23559.41,1,0
3370.14,9,12.65,0.746,South,Enterprise,Support was fast and helpful,17919.56,1,2
4319.31,10,81.85,0.557,North,Standard,Average value for the price,19812.67,0,3
7338.61,13,68.81,0.175,East,Enterprise,Not satisfied with service consistency,26681.37,1,0
4358.72,8,3.05,0.718,North,Basic,Very satisfied with service quality,12260.46,1,1
6327.53,6,33.56,0.714,West,Standard,Support was fast and helpful,20448.45,0,1
3319.49,4,46.67,0.515,East,Enterprise,Average value for the price,19836.0,0,2
4630.21,2,36.06,0.225,East,Premium,Not satisfied with service consistency,18388.71,1,2
3289.96,6,11.74,0.132,North,Standard,Support response took too long,12251.62,1,2
4389.74,4,20.73,0.957,West,Premium,Support was fast and helpful,18814.16,0,1
6512.55,8,2.46,0.656,South,Premium,"Experience was okay, nothing special",21235.35,1,1
1890.82,5,9.31,0.809,West,Premium,Great experience and smooth onboarding,12003.62,0,2
5781.96,9,26.63,0.697,West,Standard,Great experience and smooth onboarding,16322.75,1,1
5427.92,4,82.0,0.829,East,Basic,Support was fast and helpful,19848.78,0,3
3930.53,7,52.66,0.162,West,Basic,Support response took too long,16140.87,1,2
2397.1,11,42.45,0.497,East,Standard,Average value for the price,11703.41,1,2
5129.83,9,66.22,0.667,East,Standard,Very satisfied with service quality,19988.44,0,3
4046.91,7,54.15,0.103,North,Basic,Support response took too long,14026.32,1,0
5418.82,8,13.15,0.15,East,Basic,Unhappy with quality and delays,11688.81,1,1
5039.33,6,22.26,0.634,South,Standard,Service quality was acceptable,14567.12,1,1
7883.2,9,22.25,0.869,North,Standard,Great experience and smooth onboarding,23499.78,1,1
4569.16,4,60.0,0.66,West,Standard,Great experience and smooth onboarding,19559.13,0,3
3157.7,4,46.16,0.036,North,Standard,Support response took too long,14368.81,1,2
5322.7,4,38.76,0.97,East,Basic,Very satisfied with service quality,18612.12,0,3
5395.99,7,55.66,0.14,North,Premium,Not satisfied with service consistency,19886.93,1,0
7446.54,6,97.01,0.233,South,Standard,Not satisfied with service consistency,23148.71,1,0
6503.2,9,31.42,0.975,West,Basic,Very satisfied with service quality,17943.83,1,1
5642.37,3,52.02,0.771,North,Standard,Great experience and smooth onboarding,25796.8,0,3
7633.95,7,48.04,0.937,East,Standard,Great experience and smooth onboarding,25892.36,0,1
2860.23,8,71.66,0.807,East,Standard,Very satisfied with service quality,18606.91,0,3
3848.45,9,73.03,0.652,West,Standard,"Experience was okay, nothing special",18049.77,0,3
3332.16,4,72.91,0.285,North,Standard,Support response took too long,17530.11,0,2
4298.34,9,20.15,0.327,West,Premium,Support response took too long,14318.25,1,2
2521.96,4,44.91,0.947,South,Basic,Great experience and smooth onboarding,11584.75,0,3
6143.27,10,81.12,0.861,South,Standard,Support was fast and helpful,22535.56,0,3
4600.0,4,38.15,0.359,South,Basic,Average value for the price,15795.77,1,2
2352.55,4,98.43,0.373,South,Standard,Average value for the price,17898.92,0,0
3171.96,3,36.48,0.298,East,Standard,Not satisfied with service consistency,11562.32,1,2
5564.32,5,49.77,0.326,North,Premium,Unhappy with quality and delays,20790.05,1,0
6508.63,14,47.45,0.861,South,Basic,Support was fast and helpful,20122.79,1,3
8594.12,6,43.37,0.011,East,Standard,Not satisfied with service consistency,20952.15,1,0
10244.95,7,84.56,0.436,South,Standard,Average value for the price,29759.27,0,0
5745.94,8,15.53,0.943,North,Standard,Support was fast and helpful,19373.92,1,1
3218.83,6,56.77,0.543,South,Premium,Average value for the price,17261.63,0,2
1162.32,9,61.86,0.45,South,Basic,"Experience was okay, nothing special",10111.76,1,2
5481.88,7,85.12,0.312,East,Standard,Unhappy with quality and delays,20088.05,1,0
3536.71,6,60.92,0.074,West,Standard,Not satisfied with service consistency,14608.26,1,2
4252.36,8,96.0,0.224,East,Premium,Support response took too long,19458.63,0,0
3898.23,9,87.22,0.09,East,Basic,Not satisfied with service consistency,13818.41,1,0
4746.58,7,34.87,0.127,North,Enterprise,Unhappy with quality and delays,19700.12,1,2
6918.76,4,85.99,0.164,West,Enterprise,Not satisfied with service consistency,29528.14,0,0
5282.69,8,95.85,0.302,South,Premium,Not satisfied with service consistency,20988.89,1,0
4714.46,6,25.72,0.011,South,Basic,Not satisfied with service consistency,11879.73,1,2
3135.82,9,61.02,0.95,North,Premium,Support was fast and helpful,20876.96,0,3
1985.57,6,28.18,0.124,North,Basic,Not satisfied with service consistency,6497.78,1,2
4124.65,11,64.96,0.383,West,Premium,Average value for the price,18731.31,1,0
4903.19,7,9.36,0.88,North,Standard,Very satisfied with service quality,18786.71,0,1
8182.27,9,73.42,0.107,South,Basic,Not satisfied with service consistency,22799.58,1,0
5234.49,2,41.98,0.484,North,Standard,Average value for the price,16763.29,0,1
6768.93,12,58.73,0.845,West,Premium,Very satisfied with service quality,25864.82,1,3
4101.27,6,2.59,0.557,West,Premium,Average value for the price,13750.84,1,1
2867.1,3,69.54,0.21,West,Standard,Support response took too long,16699.83,0,2
3262.79,4,49.6,0.736,West,Standard,Very satisfied with service quality,15801.88,0,3
3694.59,9,62.53,0.681,West,Premium,Great experience and smooth onboarding,19453.95,0,3
8831.25,3,31.57,0.362,South,Premium,"Experience was okay, nothing special",23527.19,1,1
3521.5,6,14.58,0.046,North,Premium,Support response took too long,13120.37,1,2
6509.28,3,43.54,0.008,South,Standard,Not satisfied with service consistency,17269.56,1,0
3374.73,8,94.4,0.825,South,Standard,Very satisfied with service quality,19321.3,0,3
6676.83,9,22.78,0.322,West,Premium,Not satisfied with service consistency,18346.39,1,1
5692.91,6,67.58,0.138,North,Basic,Unhappy with quality and delays,19798.73,1,0
4718.05,4,4.98,0.519,North,Standard,"Experience was okay, nothing special",15063.16,0,1
4926.63,5,71.81,0.921,East,Basic,Great experience and smooth onboarding,18012.67,0,3
3821.38,6,23.84,0.008,North,Standard,Support response took too long,13929.14,1,2
5802.93,8,45.15,0.056,North,Premium,Support response took too long,19544.33,1,0
4181.03,9,36.78,0.417,North,Basic,"Experience was okay, nothing special",14634.1,1,2
2793.91,5,11.28,0.676,East,Standard,Great experience and smooth onboarding,12142.39,1,2
2699.71,8,34.56,0.476,North,Basic,"Experience was okay, nothing special",12340.84,1,2
5310.66,11,35.01,0.898,North,Premium,Support was fast and helpful,22495.27,1,1
7842.36,7,52.21,0.044,North,Premium,Support response took too long,23770.26,1,0
5287.98,10,97.24,0.34,West,Standard,Service quality was acceptable,23674.86,1,0
4786.45,7,47.0,0.351,North,Premium,Average value for the price,19570.96,1,0
5514.49,6,91.44,0.34,North,Basic,Average value for the price,22456.34,0,0
7350.8,5,46.16,0.488,West,Premium,Average value for the price,24860.93,0,1
5394.89,9,10.75,0.791,West,Premium,Great experience and smooth onboarding,19973.95,1,1
4260.33,7,23.02,0.318,North,Basic,Unhappy with quality and delays,14109.34,1,2
6991.32,10,40.75,0.744,South,Enterprise,Very satisfied with service quality,24354.14,1,1
5771.76,4,32.54,0.146,North,Basic,Not satisfied with service consistency,15589.7,1,0
7764.36,5,86.58,0.561,West,Standard,"Experience was okay, nothing special",27246.53,0,0
5329.82,10,67.86,0.375,South,Basic,Service quality was acceptable,16413.71,1,0
2795.96,6,57.83,0.539,West,Premium,"Experience was okay, nothing special",15906.49,0,2
2537.31,7,49.12,0.108,West,Basic,Support response took too long,8412.76,1,2
7971.67,7,39.73,0.953,East,Basic,Great experience and smooth onboarding,20584.25,0,1
8102.6,6,61.22,0.906,North,Standard,Great experience and smooth onboarding,29880.29,0,3
4676.87,4,12.46,0.826,West,Enterprise,Very satisfied with service quality,19611.96,0,1
4310.26,9,16.25,0.893,West,Basic,Very satisfied with service quality,16786.9,1,1
7630.6,4,30.31,0.147,West,Standard,Support response took too long,20993.98,1,0
3007.32,2,17.12,0.504,North,Standard,Average value for the price,12964.04,0,2
3389.49,7,67.71,0.318,West,Premium,Not satisfied with service consistency,16275.82,1,2
6157.99,9,2.48,0.887,West,Basic,Very satisfied with service quality,16382.91,1,1
4289.71,9,16.02,0.189,West,Standard,Unhappy with quality and delays,15200.67,1,2
4990.78,12,90.26,0.22,East,Enterprise,Unhappy with quality and delays,25771.59,1,0
4705.8,6,99.75,0.687,East,Standard,Great experience and smooth onboarding,22831.7,0,3
5607.63,9,48.76,0.089,South,Standard,Support response took too long,14964.39,1,0
7533.47,13,49.54,0.732,West,Premium,Great experience and smooth onboarding,23743.73,1,1
5163.05,8,77.34,0.268,West,Standard,Not satisfied with service consistency,19158.22,1,0
6159.09,11,3.62,0.661,East,Standard,Support was fast and helpful,17397.41,1,1
1309.69,8,42.7,0.873,North,Standard,Very satisfied with service quality,15154.02,0,2
4912.31,8,9.98,0.61,North,Premium,"Experience was okay, nothing special",17473.71,1,1
3482.19,10,40.09,0.213,East,Enterprise,Support response took too long,16333.0,1,2
2806.14,7,98.38,0.049,West,Standard,Not satisfied with service consistency,19175.43,1,0
3419.33,6,75.36,0.045,North,Standard,Unhappy with quality and delays,15423.8,1,0
4398.58,6,98.5,0.089,South,Standard,Unhappy with quality and delays,19185.47,0,0
6648.62,6,74.6,0.58,West,Basic,Average value for the price,23483.09,0,3
2612.49,8,60.81,0.348,East,Basic,Average value for the price,11186.71,1,2
5055.14,3,75.42,0.243,North,Basic,Unhappy with quality and delays,18672.97,0,0
4128.5,11,65.91,0.219,South,Basic,Not satisfied with service consistency,13392.48,1,0
4410.19,7,46.41,0.949,South,Premium,Great experience and smooth onboarding,21311.0,0,3
6804.96,7,29.25,0.119,North,Basic,Support response took too long,20005.8,1,0
5968.61,4,52.02,0.305,East,Basic,Support response took too long,18013.58,0,0
7407.32,10,25.85,0.471,East,Standard,Average value for the price,18996.84,1,1
4721.89,9,48.67,0.0,East,Basic,Unhappy with quality and delays,12721.49,1,0
3747.3,5,14.61,0.921,East,Basic,Great experience and smooth onboarding,12846.45,0,1
4597.05,3,56.54,0.099,North,Basic,Support response took too long,15684.36,1,0
5436.49,7,24.53,0.682,North,Basic,Support was fast and helpful,16756.99,0,1
5317.83,12,29.36,0.629,North,Standard,"Experience was okay, nothing special",18127.24,1,1
3048.1,6,49.9,0.809,North,Premium,Very satisfied with service quality,17967.18,0,3
5162.88,4,16.25,0.651,West,Premium,Average value for the price,18235.01,0,1
5410.81,11,96.24,0.769,North,Premium,Very satisfied with service quality,25917.34,0,3
9531.45,5,44.69,0.421,East,Standard,Average value for the price,24851.28,1,1
8378.32,6,35.23,0.489,North,Enterprise,"Experience was okay, nothing special",27412.43,1,1
3464.16,4,2.92,0.702,North,Standard,Great experience and smooth onboarding,14115.76,1,1
4482.71,1,84.33,0.568,North,Standard,Service quality was acceptable,19809.92,0,3
2365.8,5,62.58,0.512,East,Standard,Average value for the price,16383.67,0,2
3936.73,3,41.64,0.206,East,Standard,Support response took too long,14472.18,1,2
5568.09,8,24.55,0.258,West,Standard,Support response took too long,16997.81,1,1
7170.54,8,74.51,0.358,North,Basic,Service quality was acceptable,24029.79,1,0
3687.65,8,94.55,0.009,East,Premium,Support response took too long,18003.7,1,0
3822.54,4,38.08,0.417,West,Basic,Service quality was acceptable,12908.64,1,2
1134.88,6,13.49,0.003,South,Premium,Not satisfied with service consistency,5605.79,1,2
4707.2,8,10.92,0.565,North,Premium,"Experience was okay, nothing special",16434.59,1,1
3087.65,3,0.64,0.704,North,Standard,Great experience and smooth onboarding,13280.12,0,2
4047.01,8,74.4,0.562,North,Basic,Average value for the price,17509.92,1,3
3421.65,6,98.14,0.694,West,Standard,Very satisfied with service quality,21735.92,0,3
4830.33,8,99.28,0.0,South,Standard,Not satisfied with service consistency,16291.7,1,0
1836.09,7,78.42,0.059,East,Enterprise,Support response took too long,16459.27,1,2
2359.32,9,16.22,0.698,West,Premium,Support was fast and helpful,14537.56,1,2
8832.64,4,97.77,0.803,South,Premium,Very satisfied with service quality,31607.48,0,3
2682.64,9,32.78,0.718,East,Standard,Great experience and smooth onboarding,11491.99,1,2
3025.79,7,33.36,0.663,North,Premium,Support was fast and helpful,15407.14,0,2
8306.44,9,68.73,0.707,South,Premium,Great experience and smooth onboarding,23350.73,1,3
10229.12,7,4.9,0.74,North,Basic,Support was fast and helpful,22656.88,1,1
2891.18,6,82.58,0.724,North,Basic,Support was fast and helpful,19187.98,0,3
4337.15,4,99.73,0.738,South,Basic,Very satisfied with service quality,19897.2,0,3
5614.8,11,77.51,0.074,West,Standard,Support response took too long,19354.44,1,0
8111.66,8,78.17,0.063,East,Premium,Not satisfied with service consistency,22597.8,1,0
3223.66,8,39.03,0.361,West,Standard,"Experience was okay, nothing special",11579.8,1,2
4558.5,8,6.59,0.528,North,Standard,"Experience was okay, nothing special",15796.04,1,1
6399.21,8,79.27,0.763,West,Enterprise,Very satisfied with service quality,29645.54,0,3
5782.58,9,59.72,0.335,North,Basic,"Experience was okay, nothing special",17355.23,1,0
4322.92,5,90.93,0.275,West,Basic,Unhappy with quality and delays,18246.03,0,0
4759.12,10,11.6,0.781,West,Enterprise,Great experience and smooth onboarding,19597.95,1,1
2525.19,7,30.51,0.249,East,Enterprise,Unhappy with quality and delays,13093.83,1,2
4571.29,6,36.07,0.821,South,Premium,Great experience and smooth onboarding,15832.2,0,1
4520.5,6,68.33,0.177,West,Basic,Support response took too long,16667.98,1,0
5417.91,6,78.77,0.359,West,Enterprise,"Experience was okay, nothing special",26404.22,0,0
4000.41,8,96.1,0.401,North,Premium,"Experience was okay, nothing special",23263.64,1,0
5848.77,5,29.54,0.3,West,Premium,Support response took too long,20522.3,1,1
6822.89,8,49.36,0.003,North,Basic,Unhappy with quality and delays,16757.73,1,0
5279.77,3,2.9,0.236,East,Standard,Unhappy with quality and delays,13421.55,1,1
5633.16,8,25.3,0.338,East,Premium,"Experience was okay, nothing special",17158.21,1,1
5095.68,5,37.4,0.314,West,Premium,Support response took too long,18679.37,1,2
5000.15,5,59.38,0.786,South,Standard,Very satisfied with service quality,19311.44,0,3
3701.2,6,47.08,0.047,North,Standard,Support response took too long,13810.65,1,2
5569.69,8,36.45,0.389,South,Premium,Average value for the price,14378.38,1,1
4824.88,2,62.41,0.038,South,Standard,Not satisfied with service consistency,18421.93,0,0
8767.7,7,82.86,0.931,East,Standard,Very satisfied with service quality,29550.98,0,3
7832.04,8,24.17,0.79,South,Basic,Very satisfied with service quality,17944.06,1,1
5694.52,6,34.29,0.982,West,Basic,Great experience and smooth onboarding,19759.74,0,1
3626.5,5,70.49,0.91,North,Premium,Great experience and smooth onboarding,21331.15,0,3
2997.66,11,77.79,0.316,North,Basic,Not satisfied with service consistency,14795.84,1,2
7144.06,4,82.54,0.692,South,Basic,Very satisfied with service quality,22975.27,0,3
5472.95,3,20.93,0.307,North,Enterprise,Support response took too long,21799.51,1,1
5864.26,5,53.93,0.888,North,Premium,Very satisfied with service quality,23322.14,0,3
1859.75,12,90.0,0.411,South,Basic,Service quality was acceptable,11624.77,1,2
6669.39,3,39.2,0.376,South,Standard,Service quality was acceptable,20847.27,0,1
5817.96,6,42.99,0.914,South,Premium,Support was fast and helpful,21445.0,0,3
3001.22,8,98.48,0.837,East,Standard,Great experience and smooth onboarding,19460.84,0,3
4151.26,6,11.31,0.966,West,Standard,Support was fast and helpful,16435.59,0,1
5474.69,5,70.56,0.066,East,Standard,Support response took too long,18002.95,1,0
5094.44,4,85.02,0.243,South,Basic,Unhappy with quality and delays,18106.41,0,0
4474.09,2,15.08,0.301,North,Premium,Support response took too long,16771.37,1,2
4813.72,11,71.45,0.424,North,Basic,"Experience was okay, nothing special",16468.39,1,0
4546.44,7,46.97,0.473,East,Standard,"Experience was okay, nothing special",16751.19,1,2
5274.61,8,85.29,0.291,East,Basic,Unhappy with quality and delays,18093.79,1,0
7648.69,2,90.75,0.79,North,Basic,Support was fast and helpful,28968.62,0,3
500.0,8,87.25,0.223,North,Basic,Not satisfied with service consistency,12396.0,1,2
4573.67,8,6.44,0.697,South,Premium,Very satisfied with service quality,15577.05,1,1
5317.72,5,75.69,0.852,South,Basic,Very satisfied with service quality,18501.62,0,3
5532.79,12,92.15,0.604,West,Basic,Service quality was acceptable,21693.15,0,3
4330.55,6,62.13,0.354,North,Basic,Average value for the price,15553.32,1,0
1837.9,9,60.09,0.188,North,Premium,Unhappy with quality and delays,14339.75,1,2
5590.39,5,4.5,0.134,South,Standard,Not satisfied with service consistency,10095.28,1,1
8109.23,5,85.6,0.744,North,Enterprise,Great experience and smooth onboarding,31174.53,0,3
2239.05,7,4.64,0.469,North,Premium,Average value for the price,13030.19,1,2
6554.89,9,31.35,0.046,South,Standard,Unhappy with quality and delays,16905.44,1,0
4408.65,3,92.59,0.984,South,Premium,Support was fast and helpful,23783.74,0,3
4889.62,4,94.97,0.671,North,Basic,Very satisfied with service quality,21372.86,0,3
3104.78,6,99.19,0.844,East,Enterprise,Very satisfied with service quality,22962.91,0,3
4397.98,5,47.64,0.438,East,Enterprise,Service quality was acceptable,20816.94,0,2
7340.08,4,17.74,0.955,North,Basic,Support was fast and helpful,20704.04,0,1
6048.78,10,48.79,0.2,West,Standard,Not satisfied with service consistency,20788.04,1,0
8118.16,14,10.23,0.185,South,Basic,Support response took too long,15753.86,1,1
7119.34,3,87.25,0.89,West,Standard,Support was fast and helpful,27845.32,0,3
5790.36,8,56.05,0.892,West,Premium,Support was fast and helpful,21869.29,0,3
8139.08,15,40.45,0.499,South,Enterprise,"Experience was okay, nothing special",24918.07,1,1
5790.19,7,7.95,0.126,North,Standard,Support response took too long,15331.35,1,1
6490.38,4,40.52,0.305,West,Premium,Not satisfied with service consistency,21186.09,0,0
4466.17,6,86.62,0.754,South,Premium,Support was fast and helpful,21900.13,0,3
5119.78,9,70.34,0.846,North,Basic,Very satisfied with service quality,21275.21,0,3
3744.64,12,8.25,0.348,East,Standard,"Experience was okay, nothing special",12402.34,1,2
6781.25,10,15.99,0.061,South,Premium,Unhappy with quality and delays,17278.81,1,1
2879.05,6,39.23,0.666,West,Premium,Great experience and smooth onboarding,17743.42,0,2
6408.23,13,10.14,0.739,West,Enterprise,Very satisfied with service quality,22753.26,1,1
4656.83,7,93.4,0.424,West,Basic,Service quality was acceptable,21654.38,0,0
7108.24,3,65.23,0.583,West,Basic,Service quality was acceptable,22445.22,0,0
6351.56,5,9.48,0.987,East,Basic,Very satisfied with service quality,17066.7,0,1
8277.16,9,78.81,0.245,East,Basic,Support response took too long,23327.8,1,0
6315.39,10,36.84,0.573,West,Standard,"Experience was okay, nothing special",20385.43,1,1
2170.33,7,24.49,0.611,West,Premium,Average value for the price,14344.4,1,2
4879.48,3,57.0,0.549,West,Standard,"Experience was okay, nothing special",19811.94,0,3
2890.39,7,1.34,0.869,West,Premium,Great experience and smooth onboarding,14699.28,1,1
4067.1,3,46.54,0.605,East,Standard,Average value for the price,15837.05,0,2
7720.21,7,84.38,0.508,South,Standard,"Experience was okay, nothing special",26533.18,0,0
6147.56,5,92.81,0.123,West,Premium,Support response took too long,26230.74,0,0
3741.93,8,34.26,0.703,North,Premium,Very satisfied with service quality,18552.04,1,2
3175.31,5,64.24,0.132,North,Standard,Unhappy with quality and delays,15900.34,1,2
5059.01,6,22.68,0.027,South,Enterprise,Not satisfied with service consistency,18361.22,1,2
2810.19,5,56.02,0.489,East,Standard,Average value for the price,13292.18,0,2
3791.95,6,25.4,0.572,East,Basic,Average value for the price,12639.41,1,2
5561.62,17,57.14,0.999,North,Standard,Very satisfied with service quality,21800.0,1,3
7079.56,13,17.17,0.712,North,Premium,Support was fast and helpful,19849.65,1,1
6095.77,6,94.12,0.849,North,Standard,Support was fast and helpful,27034.8,0,3
875.68,5,88.69,0.346,South,Premium,Service quality was acceptable,13120.57,0,2
5547.86,8,33.69,0.509,North,Standard,Service quality was acceptable,17837.78,1,1
5129.66,4,77.67,0.974,East,Standard,Support was fast and helpful,22692.12,0,3
5745.0,12,9.55,0.417,North,Premium,Average value for the price,16480.14,1,1
7909.18,9,74.04,0.807,South,Standard,Great experience and smooth onboarding,25856.25,0,3
1286.17,4,28.25,0.526,South,Standard,Service quality was acceptable,9267.72,0,2
3936.01,7,13.56,0.224,East,Basic,Unhappy with quality and delays,8995.21,1,2
6063.63,3,67.82,0.58,West,Standard,"Experience was okay, nothing special",23618.3,0,3
2153.13,8,46.98,0.218,North,Standard,Not satisfied with service consistency,11322.74,1,2
7656.71,9,53.01,0.003,South,Basic,Not satisfied with service consistency,21859.81,1,0
5663.04,10,52.05,0.236,East,Standard,Unhappy with quality and delays,17479.51,1,0
6523.85,7,5.94,0.193,North,Basic,Not satisfied with service consistency,13687.86,1,1
3972.3,9,5.14,0.371,West,Basic,"Experience was okay, nothing special",9336.61,1,2
6464.77,7,60.12,0.889,West,Standard,Support was fast and helpful,25153.34,0,3
6923.25,6,62.39,0.388,East,Basic,Service quality was acceptable,20076.14,0,0
5419.18,5,4.72,0.845,West,Standard,Great experience and smooth onboarding,15086.95,0,1
5421.92,2,37.84,0.556,South,Premium,"Experience was okay, nothing special",20657.69,0,1
5486.62,8,61.29,0.008,South,Standard,Not satisfied with service consistency,16621.79,1,0
3445.98,10,65.67,0.189,North,Basic,Support response took too long,15517.28,1,2
4734.45,5,82.83,0.931,North,Standard,Support was fast and helpful,24617.84,0,3
4725.46,12,42.07,0.604,North,Basic,Average value for the price,16625.91,1,1
5690.11,9,54.83,0.93,South,Standard,Great experience and smooth onboarding,23629.38,0,3
6799.68,7,57.86,0.31,East,Premium,Not satisfied with service consistency,20304.79,1,0
3094.64,6,31.2,0.717,North,Standard,Great experience and smooth onboarding,13761.67,0,2
4774.98,5,5.38,0.772,East,Standard,Support was fast and helpful,14234.76,0,1
7666.62,7,0.42,0.976,North,Enterprise,Very satisfied with service quality,28340.27,0,1
3661.54,7,83.61,0.018,South,Basic,Unhappy with quality and delays,17086.01,1,0
3519.95,4,20.02,0.952,North,Premium,Support was fast and helpful,19142.24,0,1
5364.15,5,63.03,0.392,East,Premium,Average value for the price,19961.76,0,0
6519.89,2,57.7,0.838,East,Standard,Great experience and smooth onboarding,22160.44,0,3
5020.57,6,39.96,0.545,West,Basic,Average value for the price,15615.44,0,1
7392.13,8,83.35,0.565,North,Basic,"Experience was okay, nothing special",24087.42,0,0
6542.23,3,69.84,0.359,South,Enterprise,Average value for the price,27979.65,0,0
6515.28,7,2.27,0.828,West,Basic,Great experience and smooth onboarding,16689.16,1,1
5997.41,5,77.67,0.264,North,Premium,Not satisfied with service consistency,24096.69,0,0
9189.78,5,50.7,0.492,South,Standard,Service quality was acceptable,26180.25,0,1
4630.71,5,34.7,0.56,North,Standard,Service quality was acceptable,15236.56,0,1
1393.66,12,72.69,0.743,North,Standard,Great experience and smooth onboarding,14949.07,1,2
7887.66,9,68.61,0.472,South,Basic,Average value for the price,21152.98,1,0
4176.14,10,31.06,0.68,North,Standard,Great experience and smooth onboarding,15750.74,1,1
5194.18,9,98.3,0.485,East,Enterprise,"Experience was okay, nothing special",25495.71,0,0
7357.19,7,64.87,0.659,West,Basic,"Experience was okay, nothing special",22649.23,0,3
2115.93,7,60.58,0.674,North,Enterprise,Very satisfied with service quality,19910.53,0,2
2747.04,6,6.99,0.709,North,Enterprise,Support was fast and helpful,16478.93,1,2
2117.7,5,27.93,0.823,West,Basic,Very satisfied with service quality,11333.16,0,2
3570.55,9,44.7,0.541,South,Standard,Service quality was acceptable,14714.54,1,2
5791.35,12,63.06,0.193,West,Basic,Not satisfied with service consistency,16903.97,1,0
5943.54,13,51.28,0.68,South,Standard,Support was fast and helpful,20057.87,1,3
5497.29,7,76.3,0.077,East,Enterprise,Unhappy with quality and delays,23162.84,1,0
2457.02,4,26.26,0.219,West,Premium,Not satisfied with service consistency,12152.81,1,2
841.81,5,70.22,0.792,North,Enterprise,Great experience and smooth onboarding,17870.12,0,2
5097.84,3,81.66,0.435,West,Basic,Average value for the price,20191.94,0,0
4150.8,5,76.5,0.498,East,Standard,Service quality was acceptable,21180.9,0,3
5826.89,5,77.08,0.987,West,Basic,Very satisfied with service quality,23293.31,0,3
6263.52,13,88.85,0.235,North,Premium,Support response took too long,23163.86,1,0
5248.83,6,8.42,0.02,South,Basic,Support response took too long,12158.18,1,2
6368.24,7,69.72,0.111,North,Basic,Unhappy with quality and delays,19729.54,1,0
5412.58,5,96.87,0.245,West,Basic,Unhappy with quality and delays,21807.64,0,0
5954.12,6,57.37,0.726,North,Basic,Very satisfied with service quality,20276.59,0,3
3731.59,6,21.73,0.776,North,Basic,Support was fast and helpful,15721.0,0,1
4676.7,4,99.88,0.565,West,Basic,"Experience was okay, nothing special",21020.81,0,3
5354.2,6,17.47,0.255,South,Premium,Not satisfied with service consistency,17727.05,1,1
6476.95,5,33.56,0.522,East,Premium,Average value for the price,19501.46,0,1
4291.27,10,17.21,0.015,South,Basic,Not satisfied with service consistency,9151.89,1,2
5938.1,5,46.45,0.682,East,Premium,Support was fast and helpful,23516.4,0,1
4521.49,4,41.89,0.614,North,Standard,Average value for the price,18404.38,0,1
4788.42,14,49.12,0.022,South,Premium,Unhappy with quality and delays,18800.42,1,0
6493.13,6,92.8,0.817,East,Standard,Very satisfied with service quality,25237.66,0,3
1412.49,4,47.83,0.763,South,Standard,Support was fast and helpful,12455.27,0,2
2666.35,7,51.46,0.308,South,Standard,Support response took too long,15000.66,1,2
2332.07,8,88.67,0.635,North,Basic,Average value for the price,14791.26,0,3
799.49,4,81.78,0.601,West,Standard,Average value for the price,12495.8,0,2
3779.12,8,23.97,0.143,North,Premium,Not satisfied with service consistency,13538.48,1,2
6348.98,9,1.29,0.193,South,Premium,Not satisfied with service consistency,16694.92,1,1
4487.21,7,62.95,0.683,South,Standard,Support was fast and helpful,16242.49,0,3
5356.02,3,84.48,0.934,South,Standard,Support was fast and helpful,24094.86,0,3
6960.59,4,55.29,0.576,West,Premium,Average value for the price,25614.57,0,1
7389.84,9,21.12,0.568,South,Basic,Service quality was acceptable,20412.26,1,1
4875.55,8,74.14,0.647,West,Basic,Average value for the price,21034.05,0,3
7436.45,8,66.95,0.441,East,Standard,Service quality was acceptable,23687.05,1,0
5165.83,5,56.5,0.054,West,Basic,Support response took too long,18367.34,1,0
3492.68,5,86.33,0.397,West,Standard,Service quality was acceptable,19643.45,0,0
3930.08,8,78.42,0.9,North,Basic,Support was fast and helpful,19175.24,0,3
2335.03,7,66.8,0.805,West,Standard,Very satisfied with service quality,15006.43,0,3
3401.36,6,66.48,0.927,West,Premium,Very satisfied with service quality,19954.79,0,3
4355.57,6,66.22,0.153,East,Premium,Support response took too long,18339.08,1,0
6446.45,4,52.52,0.506,North,Premium,"Experience was okay, nothing special",24101.45,0,0
8097.39,2,46.39,0.585,North,Standard,Average value for the price,22373.75,0,1
2512.07,6,70.96,0.21,East,Enterprise,Not satisfied with service consistency,17942.41,1,2
5707.09,5,61.05,0.201,South,Premium,Support response took too long,20408.25,1,0
3127.02,6,49.0,0.782,East,Standard,Support was fast and helpful,16158.39,0,3
5854.45,8,12.67,0.672,South,Basic,Very satisfied with service quality,16920.22,1,1
4764.04,8,70.19,0.647,East,Standard,Service quality was acceptable,19762.74,0,3
1704.37,7,64.6,0.267,North,Standard,Support response took too long,12227.37,1,2
6670.93,7,34.22,0.507,North,Premium,Service quality was acceptable,19911.49,1,1
3911.0,10,35.63,0.023,North,Premium,Not satisfied with service consistency,16032.1,1,2
4038.98,7,24.67,0.13,West,Enterprise,Not satisfied with service consistency,16140.64,1,2
3074.45,6,96.19,0.518,East,Enterprise,"Experience was okay, nothing special",23871.13,0,3
3822.29,6,86.02,0.31,West,Standard,Not satisfied with service consistency,20857.27,0,0
5770.2,6,56.1,0.966,West,Enterprise,Support was fast and helpful,24671.19,0,3
4659.36,5,40.17,0.471,West,Enterprise,"Experience was okay, nothing special",22107.73,1,2
5591.59,12,73.68,0.084,East,Basic,Support response took too long,18970.96,1,0
5651.46,6,52.77,0.018,West,Standard,Unhappy with quality and delays,19498.3,1,0
7377.19,6,97.59,0.725,West,Basic,Very satisfied with service quality,24117.34,0,3
4382.98,4,5.51,0.172,West,Basic,Support response took too long,10081.76,1,2
2341.66,8,3.43,0.188,North,Basic,Support response took too long,5650.57,1,2
6921.0,5,56.86,0.424,East,Standard,"Experience was okay, nothing special",22351.04,0,0
4403.32,7,20.33,0.264,North,Basic,Support response took too long,13509.06,1,2
7006.27,8,60.43,0.617,North,Basic,Service quality was acceptable,19049.07,0,3
5690.08,9,78.14,0.486,East,Basic,"Experience was okay, nothing special",19446.64,1,0
4763.95,10,13.81,0.111,West,Premium,Support response took too long,15704.84,1,2
5627.8,8,44.06,0.785,North,Premium,Support was fast and helpful,22466.84,0,1
8511.82,7,68.87,0.426,North,Enterprise,"Experience was okay, nothing special",31072.87,0,0
8738.56,6,83.39,0.611,West,Standard,Service quality was acceptable,28383.03,0,0
5124.89,5,49.63,0.004,North,Basic,Support response took too long,14731.04,1,0
5288.34,5,20.62,0.626,North,Premium,Average value for the price,19257.83,0,1
6937.23,6,58.58,0.283,West,Basic,Unhappy with quality and delays,20838.33,1,0
3477.81,8,45.45,0.494,West,Enterprise,"Experience was okay, nothing special",20268.03,1,2
5599.53,7,77.19,0.298,East,Premium,Unhappy with quality and delays,22982.81,1,0
4953.45,6,55.56,0.996,East,Standard,Support was fast and helpful,20293.05,0,3
5565.03,4,27.94,0.231,South,Basic,Unhappy with quality and delays,15798.62,1,1
3499.94,7,75.44,0.913,North,Basic,Support was fast and helpful,18413.46,0,3
2138.78,10,51.77,0.918,West,Standard,Great experience and smooth onboarding,13004.16,0,3
1268.63,8,17.75,0.421,West,Standard,Average value for the price,9125.63,1,2
2988.71,5,56.31,0.304,South,Premium,Unhappy with quality and delays,15627.63,0,2
4174.38,8,94.83,0.381,South,Standard,"Experience was okay, nothing special",19958.93,0,0
4472.26,6,70.55,0.989,South,Standard,Very satisfied with service quality,18693.28,0,3
8487.02,9,29.88,0.619,North,Basic,"Experience was okay, nothing special",24689.08,1,1
6990.79,5,71.09,0.545,South,Standard,"Experience was okay, nothing special",24184.05,0,0
3268.24,3,28.26,0.036,North,Basic,Support response took too long,10835.56,1,2
5625.88,7,54.27,0.848,West,Premium,Very satisfied with service quality,21946.06,0,3
4267.26,9,52.66,0.084,South,Standard,Support response took too long,15775.95,1,0
4488.15,6,24.74,0.047,East,Premium,Unhappy with quality and delays,13040.77,1,2
5333.59,2,34.79,0.275,East,Standard,Not satisfied with service consistency,19530.59,0,0
6114.51,9,94.22,0.476,West,Basic,"Experience was okay, nothing special",22111.74,0,0
4389.33,5,25.06,0.895,West,Premium,Support was fast and helpful,20974.0,0,1
6914.93,7,80.1,0.79,South,Premium,Support was fast and helpful,26136.62,0,3
2944.51,6,66.74,0.198,North,Premium,Not satisfied with service consistency,19431.95,0,2
5011.41,8,53.26,0.372,West,Standard,Service quality was acceptable,17287.19,1,0
9675.81,9,13.75,0.78,North,Premium,Great experience and smooth onboarding,26719.55,1,1
5401.54,10,20.46,0.527,North,Basic,Service quality was acceptable,16518.46,1,1
7579.79,2,17.9,0.174,North,Standard,Not satisfied with service consistency,20873.08,1,1
5164.74,6,58.68,0.396,West,Premium,"Experience was okay, nothing special",22472.88,1,0
6045.4,7,97.34,0.626,North,Basic,"Experience was okay, nothing special",23672.2,0,3
4897.79,5,87.72,0.973,South,Premium,Support was fast and helpful,24514.33,0,3
4693.27,7,2.53,0.662,South,Standard,Very satisfied with service quality,14805.3,1,1
3596.93,9,27.37,0.016,East,Basic,Not satisfied with service consistency,8705.97,1,2
5774.54,7,15.73,0.705,South,Basic,Very satisfied with service quality,15933.83,1,1
3467.23,8,97.57,0.251,West,Premium,Unhappy with quality and delays,20380.67,1,0
6198.05,9,23.56,0.862,West,Premium,Very satisfied with service quality,21513.26,1,1
6953.52,5,20.13,0.384,South,Basic,Service quality was acceptable,16773.62,1,1
5659.76,10,62.09,0.2,South,Basic,Not satisfied with service consistency,15749.13,1,0
4484.75,10,55.62,0.468,West,Basic,Service quality was acceptable,16011.12,1,2
5817.14,7,22.59,0.255,West,Basic,Support response took too long,15472.72,1,1
4444.39,12,67.04,0.236,South,Premium,Not satisfied with service consistency,17802.93,1,0
6683.98,6,9.7,0.573,South,Basic,Service quality was acceptable,17921.84,1,1
1703.47,3,1.94,0.767,North,Basic,Support was fast and helpful,10262.89,0,2
4395.91,5,8.24,0.835,North,Basic,Very satisfied with service quality,14771.16,0,1
1416.54,10,36.49,0.398,North,Standard,Average value for the price,9532.17,1,2
2308.89,6,97.5,0.067,North,Premium,Support response took too long,17407.13,1,0
7454.95,4,54.72,0.484,North,Premium,Service quality was acceptable,28365.99,0,0
6611.33,5,75.47,0.434,West,Standard,"Experience was okay, nothing special",22415.21,0,0
3704.94,6,32.15,0.197,West,Enterprise,Unhappy with quality and delays,17878.28,1,2
2295.49,7,71.93,0.896,West,Standard,Very satisfied with service quality,17719.75,0,3
500.0,12,96.62,0.974,East,Premium,Support was fast and helpful,16347.5,0,3
4021.71,1,35.78,0.052,East,Standard,Support response took too long,12243.05,1,2
9356.75,6,99.91,0.796,North,Basic,Very satisfied with service quality,30276.3,0,3
5782.79,6,63.84,0.646,East,Premium,Service quality was acceptable,22007.12,0,3
3992.77,8,74.86,0.261,South,Standard,Unhappy with quality and delays,15787.71,1,0
5837.14,6,25.22,0.635,East,Premium,Average value for the price,21023.03,1,1
2190.27,6,64.31,0.129,West,Basic,Not satisfied with service consistency,12113.02,1,2
4464.82,7,51.1,0.069,West,Standard,Not satisfied with service consistency,15292.41,1,0
5179.06,6,95.64,0.993,North,Premium,Very satisfied with service quality,27322.93,0,3
4845.02,7,90.47,0.636,West,Basic,"Experience was okay, nothing special",22036.93,0,3
6423.45,11,39.67,0.253,North,Basic,Unhappy with quality and delays,17377.15,1,0
5620.36,7,94.69,0.45,North,Basic,Service quality was acceptable,23771.19,0,0
6202.99,8,88.48,0.95,North,Standard,Support was fast and helpful,24616.55,0,3
3760.93,6,59.04,0.439,North,Premium,Average value for the price,20640.72,1,2
6616.07,8,8.21,0.9,East,Standard,Support was fast and helpful,18278.12,1,1
7932.09,2,16.08,0.869,South,Enterprise,Very satisfied with service quality,25797.69,0,1
3253.73,12,7.69,0.344,North,Standard,Service quality was acceptable,9884.29,1,2
3402.15,3,10.8,0.696,West,Standard,Support was fast and helpful,11823.63,0,2
7404.41,8,97.7,0.66,East,Basic,Great experience and smooth onboarding,23335.83,0,3
4655.58,8,21.22,0.771,South,Basic,Support was fast and helpful,12822.79,1,1
7526.88,3,69.09,0.366,East,Premium,Service quality was acceptable,26333.76,0,0
4203.44,4,63.65,0.052,East,Basic,Support response took too long,13474.22,1,0
7619.08,3,63.11,0.171,South,Basic,Unhappy with quality and delays,19105.83,0,0
5236.67,12,20.67,0.617,East,Premium,"Experience was okay, nothing special",15830.78,1,1
5464.81,4,57.93,0.775,West,Standard,Support was fast and helpful,21070.9,0,3
7816.49,3,62.55,0.756,South,Basic,Very satisfied with service quality,23314.57,0,3
4348.81,7,57.04,0.584,South,Premium,Average value for the price,18688.68,0,3
3305.98,3,18.62,0.085,North,Standard,Support response took too long,13247.65,1,2
4192.58,5,72.31,0.017,West,Premium,Not satisfied with service consistency,20747.38,1,0
5814.2,1,7.32,0.782,South,Premium,Support was fast and helpful,21140.42,0,1
2181.63,8,59.12,0.549,South,Basic,Average value for the price,9772.87,1,2
6147.45,5,43.63,0.783,West,Basic,Very satisfied with service quality,19009.94,0,1
4030.21,7,25.03,0.163,East,Basic,Not satisfied with service consistency,11926.14,1,2
7066.06,10,80.74,0.407,North,Premium,"Experience was okay, nothing special",25824.87,1,0
690.33,11,17.59,0.919,South,Standard,Support was fast and helpful,9001.33,1,2
3584.18,9,93.3,0.172,South,Premium,Support response took too long,19124.0,1,0
1964.36,8,88.46,0.062,West,Standard,Unhappy with quality and delays,16736.0,1,2
3512.79,7,36.06,0.653,South,Standard,Service quality was acceptable,15397.7,1,2
5445.8,5,30.52,0.595,North,Basic,Average value for the price,18706.28,0,1
4677.39,6,13.75,0.952,East,Basic,Great experience and smooth onboarding,13909.37,0,1
4543.92,5,91.63,0.906,South,Standard,Support was fast and helpful,22025.18,0,3
4713.47,4,62.75,0.749,North,Standard,Very satisfied with service quality,20552.92,0,3
5366.1,8,3.18,0.019,West,Enterprise,Unhappy with quality and delays,15204.0,1,2
3184.64,8,51.1,0.48,North,Basic,Average value for the price,16206.19,1,2
6272.33,8,8.58,0.896,West,Premium,Support was fast and helpful,21255.79,0,1
6192.8,9,57.38,0.434,West,Basic,"Experience was okay, nothing special",19116.86,1,0
5693.07,9,50.9,0.962,North,Premium,Support was fast and helpful,25292.73,0,3
6001.76,10,8.28,0.652,West,Basic,Average value for the price,14739.26,1,1
5533.55,6,81.59,0.109,West,Premium,Not satisfied with service consistency,20231.39,1,0
8663.13,8,26.23,0.509,East,Basic,Service quality was acceptable,22041.16,1,1
4843.23,7,54.15,0.696,East,Basic,Great experience and smooth onboarding,15571.51,0,3
4447.25,7,63.9,0.065,North,Standard,Unhappy with quality and delays,17223.37,1,0
3643.65,4,96.23,0.345,North,Standard,Average value for the price,20685.87,0,0
3141.93,8,49.38,0.717,West,Standard,Very satisfied with service quality,16409.2,0,2
2759.95,7,91.73,0.157,North,Standard,Support response took too long,18414.96,1,0
3400.16,9,35.49,0.348,North,Enterprise,Average value for the price,18882.48,1,2
4872.78,3,85.74,0.69,South,Basic,Very satisfied with service quality,21002.43,0,3
5601.73,7,23.58,0.776,North,Standard,Great experience and smooth onboarding,17739.74,1,1
5092.06,4,70.75,0.519,West,Premium,Average value for the price,23109.58,0,3
3622.04,6,8.86,0.957,West,Premium,Very satisfied with service quality,14067.39,0,1
6620.33,8,98.61,0.925,West,Standard,Support was fast and helpful,29463.15,0,3
6330.94,0,95.39,0.473,North,Standard,"Experience was okay, nothing special",24351.54,0,0
4712.63,9,44.22,0.16,South,Basic,Not satisfied with service consistency,12973.39,1,0
3824.75,6,52.39,0.773,West,Standard,Great experience and smooth onboarding,16157.16,0,3
5987.17,6,59.78,0.243,South,Standard,Support response took too long,18160.22,1,0
5338.35,6,27.5,0.843,East,Premium,Support was fast and helpful,19453.11,0,1
2393.37,5,67.45,0.587,East,Premium,Service quality was acceptable,16139.5,0,2
4877.64,8,69.86,0.394,South,Basic,Service quality was acceptable,18570.69,1,0
5471.66,11,52.51,0.556,South,Basic,"Experience was okay, nothing special",17175.19,1,3
3380.55,11,14.77,0.533,East,Standard,Average value for the price,10624.11,1,2
5341.72,7,91.92,0.925,North,Standard,Great experience and smooth onboarding,24873.04,0,3
2381.32,7,11.5,0.214,West,Standard,Support response took too long,10824.84,1,2
7405.13,3,62.92,0.928,East,Standard,Support was fast and helpful,26525.96,0,3
7246.31,10,10.31,0.031,North,Standard,Support response took too long,15716.12,1,1
4545.47,10,14.61,0.769,West,Enterprise,Very satisfied with service quality,18588.72,1,1
5654.22,10,2.05,0.92,South,Standard,Very satisfied with service quality,16158.34,1,1
662.14,5,36.34,0.394,North,Basic,Service quality was acceptable,8897.71,1,2
2918.57,8,63.96,0.073,West,Standard,Support response took too long,12876.45,1,2
4471.2,4,52.15,0.805,West,Standard,Very satisfied with service quality,20354.59,0,3
3070.16,6,67.45,0.843,East,Basic,Support was fast and helpful,14790.46,0,3
6285.91,4,67.5,0.336,West,Basic,Service quality was acceptable,22549.82,0,0
8595.13,8,14.02,0.519,East,Standard,"Experience was okay, nothing special",21535.46,1,1
2882.09,6,5.73,0.809,South,Premium,Support was fast and helpful,11150.18,1,2
3492.57,7,62.54,0.192,North,Enterprise,Unhappy with quality and delays,19655.21,1,2
5423.81,3,65.32,0.629,North,Standard,Service quality was acceptable,21387.38,0,3
7900.01,11,55.67,0.431,South,Basic,"Experience was okay, nothing special",21240.71,1,0
2799.73,8,24.58,0.174,South,Standard,Unhappy with quality and delays,9423.86,1,2
5448.27,5,81.08,0.831,West,Standard,Very satisfied with service quality,22240.39,0,3
8278.34,7,7.57,0.325,South,Enterprise,Unhappy with quality and delays,21128.37,1,1
2026.83,5,63.23,0.934,East,Standard,Very satisfied with service quality,16190.54,0,3
2694.08,8,12.04,0.569,West,Premium,Average value for the price,13220.88,1,2
4237.51,6,65.44,0.515,West,Enterprise,"Experience was okay, nothing special",23092.78,0,3
4062.94,8,41.77,0.423,South,Standard,"Experience was okay, nothing special",14858.0,1,2
6462.68,14,71.81,0.401,West,Basic,Average value for the price,19813.84,1,0
5434.99,8,5.22,0.818,West,Standard,Support was fast and helpful,16703.76,1,1
1805.07,4,55.51,0.678,North,Standard,Support was fast and helpful,18074.93,0,2
5927.74,8,14.49,0.774,South,Standard,Very satisfied with service quality,18335.53,1,1
3960.43,6,68.24,0.421,North,Enterprise,"Experience was okay, nothing special",22359.61,0,0
7294.0,13,12.0,0.261,East,Basic,Support response took too long,14714.18,1,1
3870.34,9,7.36,0.087,East,Standard,Unhappy with quality and delays,6177.76,1,2
3854.09,10,71.31,0.777,South,Basic,Great experience and smooth onboarding,18051.4,0,3
5974.04,7,6.35,0.415,West,Basic,"Experience was okay, nothing special",15768.75,1,1
6373.27,8,22.45,0.509,South,Standard,"Experience was okay, nothing special",16562.58,1,1
5806.58,8,82.47,0.469,South,Premium,Service quality was acceptable,21330.61,0,0
1965.92,7,80.97,0.431,West,Standard,Average value for the price,14108.56,0,2
5968.46,7,85.41,0.684,West,Standard,Great experience and smooth onboarding,24803.68,0,3
3138.25,6,32.61,0.609,West,Basic,"Experience was okay, nothing special",12782.53,0,2
5423.5,8,52.8,0.972,North,Standard,Support was fast and helpful,22642.01,0,3
2437.28,4,77.33,0.139,North,Standard,Support response took too long,15835.22,1,2
5803.38,6,13.7,0.574,North,Premium,Service quality was acceptable,20509.82,1,1
3548.12,5,72.44,0.063,South,Standard,Not satisfied with service consistency,15739.55,1,0
2691.26,7,9.75,0.808,North,Premium,Great experience and smooth onboarding,15190.75,1,2
6284.88,6,91.33,0.616,West,Premium,Service quality was acceptable,24160.69,0,3
5434.96,7,63.73,0.428,East,Standard,"Experience was okay, nothing special",17787.59,0,0
3894.84,9,49.33,0.802,South,Standard,Very satisfied with service quality,15805.75,0,3
7612.12,4,48.47,0.455,South,Premium,Average value for the price,25207.83,0,1
4206.83,7,18.14,0.228,South,Enterprise,Unhappy with quality and delays,18620.38,1,2
5057.79,8,34.59,0.473,South,Standard,Service quality was acceptable,15633.78,1,1
5484.04,4,72.71,0.071,West,Standard,Support response took too long,19323.67,1,0
3884.6,6,54.09,0.898,North,Standard,Great experience and smooth onboarding,16490.76,0,3
5848.05,6,52.93,0.731,West,Premium,Support was fast and helpful,24216.7,0,3
4039.79,6,19.52,0.76,North,Enterprise,Great experience and smooth onboarding,19134.84,0,1
4259.05,8,69.04,0.874,South,Enterprise,Support was fast and helpful,27163.36,0,3
7452.76,8,39.2,0.792,West,Basic,Great experience and smooth onboarding,20788.33,1,1
3126.95,4,18.28,0.432,North,Basic,Service quality was acceptable,14257.55,1,2
657.0,12,94.38,0.119,North,Premium,Support response took too long,15684.08,1,2
7899.69,8,50.68,0.373,East,Standard,"Experience was okay, nothing special",20977.34,1,0
9588.79,3,52.8,0.934,South,Enterprise,Support was fast and helpful,32590.28,0,1
4270.52,10,98.14,0.949,North,Standard,Very satisfied with service quality,24418.43,0,3
1513.69,5,36.64,0.768,North,Premium,Great experience and smooth onboarding,14200.96,0,2
4441.13,7,94.3,0.204,North,Premium,Not satisfied with service consistency,23548.32,1,0
4484.8,7,69.49,0.194,East,Basic,Not satisfied with service consistency,17025.51,1,0
4658.14,5,63.31,0.88,North,Basic,Support was fast and helpful,20776.83,0,3
2995.9,7,23.44,0.142,West,Premium,Not satisfied with service consistency,12808.64,1,2
6043.21,7,5.18,0.584,West,Basic,"Experience was okay, nothing special",13912.71,1,1
5944.11,4,43.78,0.378,North,Premium,"Experience was okay, nothing special",21572.64,0,0
2310.07,4,1.02,0.302,South,Standard,Not satisfied with service consistency,7906.59,1,2
6258.55,5,7.1,0.677,North,Standard,Great experience and smooth onboarding,15875.08,1,1
8694.83,5,59.53,0.96,South,Basic,Very satisfied with service quality,25866.92,0,3
5309.53,6,72.45,0.778,North,Enterprise,Support was fast and helpful,26842.09,0,3
4392.81,9,16.79,0.486,West,Premium,Average value for the price,14197.64,1,1
4744.39,8,73.25,0.441,South,Premium,"Experience was okay, nothing special",19902.35,1,0
6107.46,4,94.97,0.908,South,Premium,Very satisfied with service quality,26686.22,0,3
1884.79,2,74.32,0.578,East,Standard,Service quality was acceptable,17662.76,0,2
5295.9,6,78.47,0.497,West,Enterprise,Service quality was acceptable,26247.77,0,0
4297.16,5,70.07,0.683,South,Standard,Support was fast and helpful,20219.51,0,3
8326.09,7,22.47,0.237,North,Standard,Not satisfied with service consistency,21265.05,1,1
4686.49,7,36.09,0.064,West,Basic,Not satisfied with service consistency,11262.54,1,2
8002.2,1,94.93,0.855,South,Basic,Very satisfied with service quality,28521.85,0,3
3013.27,13,66.12,0.607,East,Premium,Average value for the price,16088.18,1,2
6057.07,7,78.9,0.165,East,Standard,Not satisfied with service consistency,20387.17,1,0
5574.92,10,96.87,0.298,East,Premium,Not satisfied with service consistency,22076.44,1,0
3435.71,5,23.14,0.99,North,Enterprise,Support was fast and helpful,20221.55,0,1
5319.31,8,32.17,0.634,North,Standard,Service quality was acceptable,19732.37,1,1
7182.53,3,64.48,0.636,South,Basic,"Experience was okay, nothing special",23528.78,0,3
4417.17,7,2.44,0.072,East,Premium,Not satisfied with service consistency,14380.83,1,2
1954.47,6,57.12,0.969,West,Basic,Support was fast and helpful,16661.33,0,3
4968.39,8,80.87,0.893,West,Premium,Very satisfied with service quality,21772.79,0,3
3375.64,7,61.04,0.548,West,Standard,Service quality was acceptable,15269.56,0,2
4383.79,8,29.54,0.309,West,Standard,Not satisfied with service consistency,12376.26,1,2
4853.14,9,72.41,0.698,West,Standard,Very satisfied with service quality,21686.32,0,3
1929.83,5,14.6,0.833,North,Standard,Great experience and smooth onboarding,10920.46,0,2
2091.81,2,89.48,0.786,South,Standard,Very satisfied with service quality,16786.78,0,3
5867.72,3,10.09,0.977,East,Basic,Support was fast and helpful,16436.74,0,1
4059.11,7,86.35,0.637,East,Standard,Average value for the price,20282.58,0,3
500.0,11,49.78,0.321,North,Premium,Support response took too long,9414.27,1,2
6412.72,9,42.86,0.498,East,Basic,"Experience was okay, nothing special",16375.91,1,1
5490.27,8,50.07,0.816,South,Standard,Very satisfied with service quality,19395.39,0,3
3715.03,9,20.02,0.265,South,Basic,Unhappy with quality and delays,11428.64,1,2
2629.71,9,45.77,0.231,West,Standard,Support response took too long,12565.26,1,2
6504.45,10,84.97,0.725,South,Basic,Very satisfied with service quality,21425.68,0,3
5628.83,13,80.1,0.444,East,Premium,Service quality was acceptable,19465.53,1,0
9288.68,8,16.3,0.817,East,Basic,Great experience and smooth onboarding,23431.83,1,1
5756.34,7,67.34,0.144,East,Premium,Support response took too long,19900.22,1,0
5697.87,10,85.68,0.336,North,Basic,Service quality was acceptable,19618.81,1,0
4699.53,5,81.98,0.268,East,Standard,Not satisfied with service consistency,17079.54,0,0
6470.2,7,42.56,0.698,South,Basic,Support was fast and helpful,16957.69,0,1
6125.15,1,4.81,0.759,East,Premium,Support was fast and helpful,17825.85,0,1
7253.11,7,93.12,0.456,North,Enterprise,Service quality was acceptable,30609.62,0,0
4061.62,9,39.59,0.478,West,Basic,Service quality was acceptable,12734.63,1,2
4216.27,4,36.1,0.132,West,Enterprise,Not satisfied with service consistency,19227.62,1,2
4137.61,5,75.95,0.702,South,Standard,Support was fast and helpful,18870.27,0,3
6423.44,8,26.4,0.992,South,Standard,Support was fast and helpful,22535.81,0,1
7697.07,10,83.47,0.778,South,Premium,Great experience and smooth onboarding,25463.38,0,3
4174.09,11,7.61,0.223,West,Basic,Unhappy with quality and delays,10580.19,1,2
4235.41,11,74.07,0.623,East,Standard,Service quality was acceptable,18688.83,1,3
5565.34,12,96.58,0.295,West,Basic,Not satisfied with service consistency,19709.82,1,0
4557.63,6,99.58,0.03,West,Premium,Support response took too long,22290.19,0,0
6713.7,9,92.38,0.18,South,Standard,Support response took too long,23738.66,1,0
946.8,6,87.08,0.103,East,Premium,Support response took too long,14056.92,1,2
3511.93,8,27.89,0.196,South,Basic,Support response took too long,11854.93,1,2
3591.65,5,96.66,0.796,East,Enterprise,Very satisfied with service quality,22116.23,0,3
823.36,5,92.79,0.293,South,Basic,Support response took too long,10709.54,0,2
3265.45,7,53.44,0.757,West,Standard,Very satisfied with service quality,18692.9,0,3
3352.72,7,40.21,0.949,North,Standard,Great experience and smooth onboarding,18094.68,0,3
4638.01,5,10.93,0.574,North,Basic,"Experience was okay, nothing special",14731.58,1,1
7003.34,6,59.06,0.485,South,Basic,Service quality was acceptable,22146.53,0,0
4558.89,13,70.05,0.75,West,Premium,Great experience and smooth onboarding,19059.9,1,3
3144.54,9,40.4,0.097,East,Basic,Support response took too long,11338.79,1,2
4897.48,10,40.6,0.428,South,Standard,"Experience was okay, nothing special",17066.26,1,2
6888.51,2,57.33,0.499,South,Enterprise,Average value for the price,25358.11,0,0
3243.27,4,2.78,0.831,South,Standard,Support was fast and helpful,15050.16,0,1
3360.97,3,95.79,0.814,West,Basic,Great experience and smooth onboarding,20422.65,0,3
6005.39,6,28.99,0.848,West,Basic,Great experience and smooth onboarding,15841.31,0,1
4601.23,5,14.09,0.698,West,Basic,Support was fast and helpful,14837.39,0,1
6165.47,5,0.55,0.531,West,Standard,"Experience was okay, nothing special",15633.65,1,1
4975.44,7,85.69,0.828,North,Premium,Great experience and smooth onboarding,26653.82,0,3
6262.99,5,86.32,0.873,South,Basic,Great experience and smooth onboarding,24047.71,0,3
3136.86,4,9.53,0.48,East,Basic,"Experience was okay, nothing special",8868.75,1,2
4978.25,12,15.22,0.986,East,Standard,Support was fast and helpful,17786.85,1,1
4620.76,9,44.79,0.875,North,Standard,Support was fast and helpful,20289.04,0,3
2811.4,7,18.57,0.51,West,Standard,Service quality was acceptable,10757.43,1,2
2185.74,12,73.58,0.069,North,Enterprise,Not satisfied with service consistency,17696.21,1,2
6234.35,8,5.8,0.224,South,Basic,Unhappy with quality and delays,13754.14,1,1
4368.29,7,54.97,0.776,South,Standard,Great experience and smooth onboarding,17302.35,0,3
3159.9,9,38.28,0.111,West,Premium,Support response took too long,13662.83,1,2
4826.88,6,46.49,0.47,West,Premium,"Experience was okay, nothing special",19679.84,1,2
7030.43,8,42.48,0.605,East,Premium,Service quality was acceptable,21251.47,1,1
894.67,6,15.32,0.878,West,Premium,Support was fast and helpful,8479.63,0,2
2306.05,1,22.03,0.847,West,Standard,Very satisfied with service quality,13612.75,0,2
3338.8,6,6.48,0.764,South,Standard,Support was fast and helpful,9044.66,0,1
7630.12,8,11.53,0.408,West,Premium,"Experience was okay, nothing special",19751.62,1,1
5508.66,9,97.79,0.142,North,Premium,Not satisfied with service consistency,21902.58,1,0
6381.17,10,27.98,0.67,East,Premium,Very satisfied with service quality,18039.81,1,1
2947.71,9,30.7,0.181,North,Standard,Not satisfied with service consistency,12568.52,1,2
2984.84,8,12.71,0.561,South,Premium,"Experience was okay, nothing special",11912.92,1,2
5806.06,11,75.52,0.981,East,Basic,Great experience and smooth onboarding,21214.19,0,3
5104.89,5,92.41,0.55,North,Basic,"Experience was okay, nothing special",20396.66,0,3
5987.73,6,78.98,0.646,South,Standard,"Experience was okay, nothing special",21595.29,0,3
4662.19,7,61.26,0.678,East,Basic,Great experience and smooth onboarding,17965.18,0,3
5500.66,10,81.32,0.83,East,Premium,Support was fast and helpful,23974.12,0,3
5284.61,4,40.42,0.435,North,Basic,"Experience was okay, nothing special",18479.78,0,1
6399.98,8,85.95,0.498,North,Premium,Average value for the price,27540.1,1,0
6452.61,4,79.85,0.176,South,Standard,Not satisfied with service consistency,21397.38,1,0
2084.23,5,0.17,0.615,West,Basic,"Experience was okay, nothing special",5817.93,1,2
954.92,7,48.78,0.296,West,Basic,Unhappy with quality and delays,8068.39,1,2
6803.14,5,26.46,0.508,South,Standard,Service quality was acceptable,18630.71,0,1
7137.91,9,8.62,0.767,West,Premium,Very satisfied with service quality,20201.12,1,1
3162.88,4,84.62,0.018,East,Standard,Unhappy with quality and delays,14528.21,1,0
1652.3,14,0.79,0.564,West,Basic,"Experience was okay, nothing special",6312.02,1,2
5178.26,11,73.02,0.173,North,Basic,Not satisfied with service consistency,21425.52,1,0
6675.51,8,98.82,0.279,East,Basic,Support response took too long,22132.53,0,0
8235.67,8,48.2,0.035,East,Basic,Support response took too long,20037.59,1,0
5929.34,12,37.12,0.169,South,Enterprise,Unhappy with quality and delays,18446.17,1,0
4330.91,7,60.58,0.987,North,Basic,Support was fast and helpful,20971.07,0,3
3392.36,7,80.47,0.999,North,Basic,Support was fast and helpful,20639.79,0,3
5020.61,5,24.03,0.72,South,Premium,Support was fast and helpful,18926.22,0,1
4461.32,9,25.07,0.612,East,Premium,Service quality was acceptable,18121.86,1,1
3172.88,1,60.72,0.777,West,Standard,Very satisfied with service quality,17508.27,0,3
8687.76,12,93.99,0.897,North,Standard,Very satisfied with service quality,30149.96,0,3
8213.3,5,29.84,0.519,West,Enterprise,"Experience was okay, nothing special",29269.97,0,1
7044.89,3,37.68,0.035,South,Basic,Not satisfied with service consistency,18075.27,1,0
3342.47,5,99.33,0.709,West,Basic,Great experience and smooth onboarding,16909.04,0,3
6539.03,8,17.62,0.985,North,Premium,Very satisfied with service quality,22925.94,0,1
6151.33,2,7.7,0.258,West,Premium,Unhappy with quality and delays,17401.11,1,1
5796.58,4,58.98,0.463,West,Enterprise,"Experience was okay, nothing special",26383.13,0,0
7249.4,6,2.43,0.361,West,Standard,"Experience was okay, nothing special",18423.06,1,1
6143.67,8,18.04,0.39,West,Enterprise,"Experience was okay, nothing special",19121.67,1,1
6332.03,6,62.22,0.721,South,Standard,Very satisfied with service quality,22212.61,0,3
6146.43,2,65.95,0.378,West,Premium,Average value for the price,24146.62,0,0
5613.42,8,51.04,0.941,East,Premium,Very satisfied with service quality,22674.83,0,3
1789.5,7,38.37,0.79,South,Basic,Very satisfied with service quality,11141.65,0,2
5150.52,10,57.62,0.028,West,Basic,Support response took too long,17912.05,1,0
3998.85,9,64.34,0.819,South,Standard,Support was fast and helpful,18420.66,0,3
2696.29,4,80.35,0.773,South,Premium,Support was fast and helpful,19125.85,0,3
8027.27,4,79.28,0.516,West,Basic,"Experience was okay, nothing special",27262.18,0,0
8112.19,11,66.48,0.497,South,Premium,Service quality was acceptable,28567.98,1,0
7446.6,10,89.42,0.836,North,Standard,Great experience and smooth onboarding,29083.67,0,3
5459.38,6,83.8,0.425,South,Standard,Average value for the price,21316.33,0,0
7431.13,10,13.32,0.159,West,Standard,Support response took too long,18475.38,1,1
5021.7,12,95.67,0.313,West,Enterprise,Unhappy with quality and delays,25893.62,1,0
5365.04,5,89.17,0.265,North,Basic,Unhappy with quality and delays,21167.63,0,0
3031.75,5,32.09,0.681,East,Standard,Support was fast and helpful,16284.46,0,2
5714.58,8,2.02,0.179,East,Basic,Support response took too long,10949.64,1,1
5108.69,6,60.4,0.645,East,Enterprise,Average value for the price,25191.9,0,3
2655.23,10,43.84,0.466,East,Premium,Average value for the price,13925.42,1,2
4907.85,6,74.96,0.84,West,Basic,Very satisfied with service quality,18894.32,0,3
4856.49,9,52.46,0.485,South,Basic,Average value for the price,15478.26,1,0
8235.61,5,7.65,0.93,South,Standard,Support was fast and helpful,20620.92,0,1
6609.58,4,24.47,0.9,East,Standard,Very satisfied with service quality,20972.16,0,1
5020.6,7,88.25,0.185,South,Premium,Unhappy with quality and delays,21399.64,0,0
5447.82,12,3.77,0.686,South,Standard,Very satisfied with service quality,12821.31,1,1
5079.58,7,73.67,0.215,North,Standard,Support response took too long,22004.08,1,0
4634.75,5,29.19,0.823,North,Premium,Support was fast and helpful,21080.44,0,1
3051.63,7,45.26,0.636,West,Standard,"Experience was okay, nothing special",17231.46,0,2
4728.11,8,53.1,0.294,North,Basic,Not satisfied with service consistency,16814.17,1,0
3657.02,7,25.01,0.249,East,Basic,Support response took too long,10643.42,1,2
2749.43,8,65.2,0.43,West,Standard,Service quality was acceptable,16389.56,1,2
5920.2,8,69.34,0.801,North,Standard,Very satisfied with service quality,22689.51,0,3
5704.28,6,8.51,0.796,North,Basic,Great experience and smooth onboarding,16666.96,1,1
1783.93,5,37.39,0.033,South,Standard,Not satisfied with service consistency,8581.53,1,2
4779.17,9,74.44,0.302,East,Basic,Not satisfied with service consistency,15231.7,1,0
6792.26,9,72.16,0.423,South,Premium,Service quality was acceptable,23897.91,1,0
6906.6,6,54.46,0.586,East,Basic,Service quality was acceptable,20082.39,0,1
6846.51,2,77.77,0.15,North,Standard,Unhappy with quality and delays,23665.57,0,0
5070.04,8,10.76,0.335,North,Basic,"Experience was okay, nothing special",13948.94,1,1
3478.92,9,11.82,0.886,North,Standard,Support was fast and helpful,15742.64,1,1
3049.34,8,65.75,0.477,South,Basic,Average value for the price,12649.01,1,2
5620.29,5,69.33,0.744,South,Standard,Great experience and smooth onboarding,20995.57,0,3
5682.7,3,81.45,0.485,West,Premium,Average value for the price,23744.12,0,0
7317.2,2,18.1,0.465,North,Basic,"Experience was okay, nothing special",18340.98,0,1
6979.96,11,51.68,0.622,East,Premium,Average value for the price,22309.64,1,1
4761.99,5,66.08,0.259,East,Standard,Unhappy with quality and delays,17701.13,1,0
2760.43,8,22.37,0.25,East,Standard,Not satisfied with service consistency,10782.91,1,2
4425.61,5,51.69,0.989,East,Standard,Very satisfied with service quality,19392.44,0,3
5391.02,8,63.84,0.869,North,Standard,Great experience and smooth onboarding,20891.89,0,3
4636.25,8,21.44,0.738,East,Premium,Very satisfied with service quality,18648.72,1,1
3959.79,6,37.56,0.137,South,Premium,Support response took too long,15964.01,1,2
5455.19,9,21.63,0.03,West,Premium,Not satisfied with service consistency,15235.75,1,2
4092.88,4,90.29,0.175,North,Basic,Not satisfied with service consistency,20306.66,0,0
3869.48,7,23.68,0.938,West,Premium,Support was fast and helpful,18032.2,0,1
5560.62,10,12.08,0.816,East,Basic,Very satisfied with service quality,14658.39,1,1
4276.41,3,3.52,0.523,East,Standard,Average value for the price,13211.75,0,1
5439.39,7,4.5,0.969,North,Basic,Support was fast and helpful,16197.1,1,1
5491.77,5,19.16,0.147,East,Basic,Unhappy with quality and delays,14004.39,1,1
2949.03,10,60.82,0.559,West,Standard,Service quality was acceptable,15962.24,1,2
4133.77,6,1.76,0.183,South,Premium,Not satisfied with service consistency,11573.86,1,2
7588.0,6,28.67,0.306,South,Basic,Unhappy with quality and delays,15511.23,1,1
2908.26,3,5.82,0.94,North,Standard,Great experience and smooth onboarding,14144.24,0,1
1190.02,6,40.37,0.868,South,Standard,Great experience and smooth onboarding,10742.33,0,2
1648.68,8,4.86,0.102,West,Enterprise,Not satisfied with service consistency,11963.34,1,2
5052.4,1,60.75,0.25,South,Premium,Unhappy with quality and delays,20466.55,0,0
5055.65,11,68.84,0.595,West,Basic,Average value for the price,18502.06,1,3
4788.3,4,73.13,0.061,West,Basic,Not satisfied with service consistency,18896.27,0,0
7185.54,7,22.43,0.55,East,Standard,Average value for the price,19579.7,1,1
500.0,3,86.85,0.584,East,Basic,"Experience was okay, nothing special",12607.2,0,2
5712.68,7,69.03,0.291,East,Enterprise,Support response took too long,23839.74,1,0
7810.59,15,5.67,0.293,East,Enterprise,Support response took too long,23330.03,1,1
2969.99,11,44.08,0.229,North,Enterprise,Unhappy with quality and delays,16481.96,1,2
4316.35,8,76.78,0.936,West,Basic,Great experience and smooth onboarding,19642.46,0,3
3644.79,5,31.09,0.389,West,Premium,"Experience was okay, nothing special",14305.62,1,2
3390.18,5,38.16,0.585,South,Premium,Service quality was acceptable,16622.17,0,2
4412.73,7,62.96,0.302,West,Basic,Support response took too long,15818.85,1,0
7569.47,6,5.55,0.703,West,Basic,Support was fast and helpful,18203.99,1,1
8307.3,4,96.69,0.101,South,Basic,Not satisfied with service consistency,24309.3,0,0
4395.31,9,17.45,0.072,West,Standard,Support response took too long,12669.99,1,2
8429.11,10,2.67,0.744,East,Enterprise,Very satisfied with service quality,22763.59,1,1
5064.04,11,0.53,0.727,North,Premium,Very satisfied with service quality,13833.63,1,1
8156.64,4,39.96,0.265,North,Basic,Not satisfied with service consistency,22452.97,1,0
4832.06,6,88.43,0.355,South,Standard,Service quality was acceptable,17308.55,0,0
5235.9,8,81.98,0.957,West,Basic,Great experience and smooth onboarding,23381.91,0,3
5657.85,5,91.2,0.104,South,Basic,Unhappy with quality and delays,21635.96,0,0
10721.94,7,53.38,0.183,West,Basic,Unhappy with quality and delays,26382.62,1,0
6532.31,6,44.87,0.43,East,Standard,Average value for the price,21486.38,1,1
3726.92,7,38.59,0.282,East,Premium,Not satisfied with service consistency,15138.07,1,2
6744.2,12,4.64,0.649,South,Premium,Average value for the price,20192.36,1,1
4348.7,6,90.95,0.691,South,Premium,Great experience and smooth onboarding,21862.68,0,3
4118.45,6,49.62,0.526,North,Basic,Service quality was acceptable,13190.0,0,2
6635.48,5,45.51,0.611,North,Premium,"Experience was okay, nothing special",23780.38,0,1
5055.95,6,51.52,0.433,North,Basic,Average value for the price,19971.26,1,0
5501.44,10,79.42,0.76,North,Standard,Very satisfied with service quality,23886.98,0,3
5025.17,9,22.45,0.042,North,Standard,Not satisfied with service consistency,13784.03,1,2
5605.85,9,70.99,0.313,East,Basic,Support response took too long,18778.77,1,0
5764.94,7,71.08,0.684,South,Basic,Support was fast and helpful,21334.0,0,3
1513.46,9,84.96,0.33,South,Basic,Support response took too long,11897.48,1,2
6199.83,8,0.87,0.079,West,Basic,Not satisfied with service consistency,16606.3,1,1
3232.37,7,17.04,0.345,East,Enterprise,"Experience was okay, nothing special",14419.23,1,2
2403.86,8,47.1,0.711,West,Basic,Support was fast and helpful,14355.62,0,2
4894.86,7,85.05,0.122,East,Standard,Unhappy with quality and delays,20104.07,1,0
5151.17,4,96.51,0.725,North,Enterprise,Very satisfied with service quality,27966.9,0,3
3751.69,4,59.49,0.775,West,Standard,Support was fast and helpful,18076.91,0,3
6495.86,5,21.21,0.635,West,Standard,"Experience was okay, nothing special",20766.48,0,1
2584.08,6,18.46,0.244,East,Enterprise,Support response took too long,13957.78,1,2
4267.5,7,63.94,0.805,East,Basic,Support was fast and helpful,17957.17,0,3
3947.23,6,21.01,0.214,South,Basic,Support response took too long,8406.64,1,2
4916.14,11,55.31,0.906,South,Standard,Support was fast and helpful,19682.93,0,3
5501.96,11,83.48,0.707,West,Standard,Great experience and smooth onboarding,23196.9,0,3
3185.79,4,38.98,0.055,East,Premium,Support response took too long,13598.6,1,2
6303.71,5,37.85,0.799,North,Basic,Great experience and smooth onboarding,20819.23,0,1
5113.4,5,3.61,0.506,North,Standard,Average value for the price,14723.14,1,1
1594.5,10,25.41,0.453,North,Premium,Average value for the price,10997.98,1,2
1474.54,6,69.82,0.421,South,Enterprise,Average value for the price,16485.48,1,2
4977.83,9,36.04,0.607,South,Basic,Average value for the price,14346.66,1,1
4602.26,4,15.83,0.725,West,Basic,Very satisfied with service quality,17561.76,0,1
4813.84,18,10.58,0.896,North,Enterprise,Support was fast and helpful,20726.17,1,1
4949.63,5,9.51,0.273,South,Standard,Unhappy with quality and delays,11697.59,1,1
5406.01,8,65.91,0.631,North,Basic,Average value for the price,22873.3,1,3
6705.77,6,61.26,0.686,East,Basic,Great experience and smooth onboarding,20746.63,0,3
3000.01,8,51.85,0.675,East,Premium,Support was fast and helpful,16544.19,0,2
2890.45,9,50.03,0.493,East,Standard,"Experience was okay, nothing special",14764.4,1,2
3032.02,2,15.31,0.391,West,Standard,Service quality was acceptable,9498.97,1,2
5520.05,7,50.06,0.762,West,Premium,Very satisfied with service quality,21942.91,0,3
7240.91,13,5.99,0.3,West,Basic,Unhappy with quality and delays,15067.77,1,1
4223.59,8,92.59,0.208,West,Basic,Support response took too long,18674.0,1,0
500.0,8,5.8,0.546,South,Standard,Average value for the price,5826.63,1,2
1932.81,7,42.35,0.268,East,Premium,Support response took too long,12120.84,1,2
3500.53,6,0.06,0.033,South,Basic,Support response took too long,6958.29,1,2
3996.09,4,78.62,0.052,West,Premium,Support response took too long,20979.29,1,0
4264.9,8,16.62,0.695,North,Basic,Support was fast and helpful,14384.33,1,1
5069.45,8,92.49,0.973,North,Basic,Support was fast and helpful,23435.68,0,3
4438.86,10,4.4,0.455,North,Enterprise,"Experience was okay, nothing special",17696.73,1,1
6888.81,11,82.08,0.147,East,Basic,Unhappy with quality and delays,23141.85,1,0
3783.17,7,65.66,0.818,East,Basic,Very satisfied with service quality,17076.25,0,3
3447.83,6,24.97,0.261,North,Premium,Support response took too long,14110.67,1,2
5861.98,9,20.24,0.996,East,Standard,Support was fast and helpful,15794.14,1,1
2235.84,10,35.77,0.563,South,Standard,"Experience was okay, nothing special",9132.56,1,2
5701.45,8,82.84,0.233,West,Premium,Unhappy with quality and delays,22681.62,1,0
5184.6,7,86.2,0.496,North,Basic,Service quality was acceptable,21093.01,0,0
4734.6,8,17.53,0.335,North,Premium,"Experience was okay, nothing special",15759.07,1,2
7858.9,5,35.34,0.779,East,Standard,Support was fast and helpful,23301.42,0,1
3880.03,9,23.75,0.106,East,Basic,Support response took too long,9425.67,1,2
8708.54,9,12.26,0.857,West,Premium,Great experience and smooth onboarding,23538.33,1,1
4594.22,9,64.64,0.767,East,Standard,Great experience and smooth onboarding,19873.43,0,3
2701.37,9,34.59,0.861,West,Premium,Great experience and smooth onboarding,17720.97,1,2
5125.86,3,22.54,0.895,South,Enterprise,Support was fast and helpful,19935.65,0,1
3062.76,7,86.6,0.23,South,Premium,Not satisfied with service consistency,18102.89,1,0
3646.84,10,74.83,0.521,West,Standard,Average value for the price,15606.69,1,3
5714.66,7,77.38,0.85,North,Basic,Very satisfied with service quality,20893.03,0,3
6000.05,8,3.92,0.377,West,Premium,Service quality was acceptable,16537.01,1,1
3880.1,7,91.51,0.06,North,Standard,Support response took too long,20397.36,1,0
6777.33,4,57.47,0.292,South,Premium,Support response took too long,21446.06,0,0
7083.51,6,50.38,0.242,North,Premium,Not satisfied with service consistency,22471.3,1,0
7585.34,7,1.06,0.87,East,Basic,Very satisfied with service quality,18136.05,1,1
5952.94,6,89.77,0.464,West,Basic,Average value for the price,22577.85,0,0
7454.17,8,54.39,0.684,North,Standard,Support was fast and helpful,23366.03,0,1
1614.56,5,82.52,0.962,North,Standard,Support was fast and helpful,20463.16,0,3
4427.77,7,65.55,0.299,South,Basic,Not satisfied with service consistency,15281.36,1,0
3439.39,4,79.67,0.761,South,Standard,Very satisfied with service quality,18773.6,0,3
5214.61,8,69.29,0.023,South,Premium,Support response took too long,18631.42,1,0
3971.39,8,92.1,0.104,West,Standard,Not satisfied with service consistency,19365.61,1,0
4700.92,6,22.55,0.162,North,Basic,Support response took too long,15023.91,1,2
8387.91,9,20.21,0.312,South,Premium,Support response took too long,23649.58,1,1
4694.5,9,71.25,0.403,South,Premium,Average value for the price,18803.99,1,0
5744.83,7,50.14,0.477,South,Enterprise,Average value for the price,24252.34,1,0
4581.92,12,59.92,0.245,South,Basic,Not satisfied with service consistency,15295.81,1,0
5136.28,10,70.85,0.066,West,Premium,Support response took too long,21553.95,1,0
5010.83,4,54.74,0.678,East,Premium,Very satisfied with service quality,20757.0,0,3
5806.98,8,78.77,0.024,West,Premium,Unhappy with quality and delays,22033.3,1,0
7097.55,5,31.89,0.809,South,Standard,Support was fast and helpful,22199.71,0,1
7965.31,6,85.9,0.929,East,Basic,Very satisfied with service quality,28006.19,0,3
5557.32,12,10.77,0.71,West,Standard,Great experience and smooth onboarding,18309.17,1,1
6061.18,7,63.4,0.596,West,Basic,Average value for the price,21018.12,0,3
2928.44,6,89.01,0.657,West,Basic,"Experience was okay, nothing special",17651.48,0,3
4841.82,9,25.27,0.652,South,Enterprise,Service quality was acceptable,16220.61,1,1
6692.52,8,32.68,0.932,West,Basic,Very satisfied with service quality,18260.23,0,1
6558.74,5,30.54,0.964,West,Enterprise,Support was fast and helpful,25399.41,0,1
5380.9,11,56.43,0.427,West,Standard,Service quality was acceptable,17619.46,1,0
6595.51,6,41.29,0.617,East,Premium,Service quality was acceptable,23094.45,0,1
5883.38,7,10.8,0.803,West,Basic,Great experience and smooth onboarding,14829.92,0,1
7160.55,6,89.13,0.001,South,Standard,Not satisfied with service consistency,22243.03,1,0
5520.85,2,20.47,0.527,West,Standard,Average value for the price,16947.04,0,1
4359.74,12,53.41,0.653,East,Enterprise,Service quality was acceptable,22591.93,1,3
5604.51,8,59.48,0.717,West,Basic,Support was fast and helpful,19159.48,0,3
500.0,11,4.08,0.369,West,Basic,"Experience was okay, nothing special",4610.06,1,2
5689.19,6,9.57,0.296,North,Enterprise,Unhappy with quality and delays,20318.96,1,1
500.0,7,97.17,0.182,South,Basic,Support response took too long,12108.05,1,2
1897.77,9,66.45,0.558,South,Standard,Service quality was acceptable,14353.13,1,2
5813.18,7,3.36,0.919,West,Basic,Support was fast and helpful,16159.56,1,1
5859.55,4,79.42,0.896,West,Basic,Very satisfied with service quality,21193.72,0,3
2907.63,9,50.85,0.36,West,Standard,Average value for the price,13769.22,1,2
3718.22,7,7.52,0.258,West,Standard,Not satisfied with service consistency,11435.06,1,2
7466.97,6,68.08,0.789,East,Standard,Very satisfied with service quality,25374.31,0,3
4128.75,5,49.94,0.725,North,Standard,Very satisfied with service quality,17567.01,0,3
9037.26,8,20.49,0.505,East,Premium,Average value for the price,25355.87,1,1
4996.54,6,87.77,0.389,West,Enterprise,Service quality was acceptable,25846.93,0,0
5734.47,8,29.14,0.124,East,Basic,Support response took too long,12983.0,1,0
7910.37,9,28.46,0.785,West,Standard,Great experience and smooth onboarding,22164.54,1,1
5235.85,7,27.28,0.617,West,Standard,"Experience was okay, nothing special",19916.45,1,1
3195.78,4,76.75,0.377,South,Premium,"Experience was okay, nothing special",18950.73,0,2
4802.49,5,70.61,0.919,West,Standard,Great experience and smooth onboarding,23337.7,0,3
4935.9,6,90.31,0.66,East,Premium,"Experience was okay, nothing special",22277.56,0,3
2543.47,2,22.93,0.929,South,Standard,Great experience and smooth onboarding,11923.77,0,2
4539.5,4,78.64,0.474,North,Standard,Average value for the price,20080.19,0,0
3664.05,2,57.3,0.455,North,Premium,"Experience was okay, nothing special",19570.89,0,2
6663.84,9,30.87,0.937,North,Standard,Great experience and smooth onboarding,21515.79,0,1
5062.3,6,3.55,0.96,East,Standard,Very satisfied with service quality,14914.05,1,1
4490.97,5,81.89,0.961,North,Basic,Great experience and smooth onboarding,21224.05,0,3
4808.87,13,24.11,0.819,South,Standard,Support was fast and helpful,14208.96,1,1
5401.62,4,63.17,0.462,East,Basic,Average value for the price,18244.44,0,0
6110.27,8,54.89,0.21,South,Premium,Unhappy with quality and delays,21666.67,1,0
3200.52,6,0.44,0.383,West,Standard,Service quality was acceptable,8547.66,1,2
3125.14,9,99.43,0.938,South,Basic,Great experience and smooth onboarding,19097.96,0,3
6988.42,12,81.43,0.364,North,Basic,"Experience was okay, nothing special",24716.46,1,0
4257.79,4,48.65,0.757,West,Standard,Support was fast and helpful,18251.0,0,3
2449.68,11,68.03,0.923,West,Enterprise,Support was fast and helpful,20316.98,0,3
5798.86,14,47.66,0.97,East,Standard,Great experience and smooth onboarding,21130.37,1,3
5834.07,4,74.46,0.948,West,Basic,Very satisfied with service quality,21833.8,0,3
2244.71,6,13.43,0.555,North,Standard,Service quality was acceptable,11020.17,1,2
5413.07,9,44.64,0.492,West,Enterprise,"Experience was okay, nothing special",21396.4,1,1
6324.05,7,33.55,0.988,North,Premium,Great experience and smooth onboarding,21082.55,0,1
5673.9,5,45.97,0.218,South,Basic,Support response took too long,15825.05,1,0
6137.57,5,45.05,0.188,North,Standard,Not satisfied with service consistency,17909.58,1,0
2472.32,5,14.31,0.963,West,Premium,Great experience and smooth onboarding,14575.57,0,2
5595.87,6,97.65,0.689,North,Premium,Great experience and smooth onboarding,28347.29,0,3
4455.28,3,1.55,0.536,South,Standard,Average value for the price,15054.69,1,1
4130.98,7,1.01,0.132,North,Premium,Support response took too long,13336.2,1,2
6567.0,7,37.34,0.513,West,Standard,"Experience was okay, nothing special",21619.51,1,1
7662.69,8,62.04,0.944,South,Basic,Very satisfied with service quality,24111.77,0,3
8229.87,7,17.97,0.603,East,Basic,"Experience was okay, nothing special",19204.16,1,1
7366.65,9,53.32,0.405,South,Standard,Service quality was acceptable,18795.03,1,0
4802.48,7,72.28,0.551,West,Basic,"Experience was okay, nothing special",21228.26,0,3
5634.9,5,9.41,0.886,North,Standard,Support was fast and helpful,16870.11,0,1
6380.28,8,98.44,0.913,West,Premium,Very satisfied with service quality,30433.3,0,3
5218.12,3,33.67,0.4,South,Premium,Service quality was acceptable,18761.12,0,1
5235.38,7,64.24,0.608,North,Basic,Service quality was acceptable,18528.84,0,3
6482.76,7,11.07,0.279,North,Basic,Not satisfied with service consistency,16347.85,1,1
